"顧客No","作成日時","作成者","更新日時","更新者","会社名","顧客ランク","郵便番号","都道府県","住所","建物名","電話番号","FAX","Webサイト","業種","顧客情報メモ欄","締め日","支払日"
"1","2026-07-29T06:02:00Z","kazufumi0707@gmail.com","2026-07-29T06:02:00Z","kazufumi0707@gmail.com","株式会社サイボウズ商事","A","103-6027","東京都","中央区日本橋x-x-xx","サイボウズ商事ビル","03-xxxx-xxxx","03-xxxx-xxxx","https://www.xxx.xxx.com","運輸・通信業",,"末日","翌月末日"
"2","2026-07-29T06:02:00Z","kazufumi0707@gmail.com","2026-07-29T06:02:00Z","kazufumi0707@gmail.com","橋本ネットワーク通信株式会社","C","221-xxxx","神奈川県","横浜市青葉区xxx-xx-xx","青葉橋本ビル","045-xxxx-xxxx","045-xxxx-xxxx","https://www.xxx.xxx","運輸・通信業",,"10日","翌月25日"
"3","2026-07-29T06:02:00Z","kazufumi0707@gmail.com","2026-07-29T06:02:00Z","kazufumi0707@gmail.com","株式会社倉本インターナショナル","B","351-xxxx","埼玉県","和光市xxx-x-xx",,"048-xxxx-xxxx","048-xxxx-xxxx","https://www.xxxx.com","不動産業",,"末日","翌月末日"
"4","2026-07-29T06:02:00Z","kazufumi0707@gmail.com","2026-07-29T06:02:00Z","kazufumi0707@gmail.com","株式会社テクノロジーサービス","D","101-xxxx","東京都","千代田区神田xx-xxx-xx","神田ビル","03-xxxx-xxxx","03-xxxx-xxxx","https://www.mukaigawa.aaa.com","運輸・通信業",,,
"5","2026-07-29T06:02:00Z","kazufumi0707@gmail.com","2026-07-29T06:02:00Z","kazufumi0707@gmail.com","篠村食品株式会社","B","520-xxxx","滋賀県","大津市xxx-x-x","大津篠村タワー","077-xxxx-xxxx","077-xxxx-xxxx","https://shinomura-food-xx.com","製造業",,"10日","翌月10日"
"6","2026-07-29T06:02:00Z","kazufumi0707@gmail.com","2026-07-29T06:02:00Z","kazufumi0707@gmail.com","株式会社キントーンシステムズ","A","260-xxxx","千葉県","千葉市xxx-xx-x",,"043-xxxx-xxxx","043-xxxx-xxxx","https://www.kin-system-tone.xxx.com","運輸・通信業",,,
"7","2026-07-29T06:02:00Z","kazufumi0707@gmail.com","2026-07-29T06:02:00Z","kazufumi0707@gmail.com","林コンサルティングサービス","C","130-xxxx","東京都","墨田区xxx-x-x-xx","墨田第一ビルディング","03-xxxx-xxxx","03-xxxx-xxxx","http://www.hayashi-consulting-yk.com","金融業",,"20日","翌月20日"
"8","2026-07-29T06:02:00Z","kazufumi0707@gmail.com","2026-07-29T06:02:00Z","kazufumi0707@gmail.com","株式会社橘川ケミカル","B","222-xxxx","神奈川県","港北区xxx-xxx-x","港北橘川タワー27階","045-xxxx-xxxx","045-xxxx-xxxx","https://kikkawa-chemical.xx.com","製造業",,"末日","翌月25日"
"9","2026-07-29T06:02:00Z","kazufumi0707@gmail.com","2026-07-29T06:02:00Z","kazufumi0707@gmail.com","平川ファイナンスサービス株式会社","A","310-xxxx","茨城県","日立市xxx-xx-xxx","平川中央ビル","029-xxxx-xxxx","029-xxxx-xxxx","https://hira-sam-usxxx.com","金融業",,"10日","翌月10日"
